"","category","bottom","top","number_children","average","number_below","percent_below","number_meeting_exceeding","percent_meeting_exceeding","season","year","age_group"
"1","Social-Emotional",300,396,1,254,1,100,0,0,"Fall","18-19","3-4"
"2","Social-Emotional",300,396,7,302,4,57.1,3,42.9,"Fall","18-19","3-4"
"3","Social-Emotional",300,396,3,268,3,100,0,0,"Fall","18-19","3-4"
"4","Social-Emotional",300,396,11,347,2,18.2,9,81.8,"Fall","18-19","3-4"
"5","Social-Emotional",300,396,11,280,8,72.7,3,27.3,"Fall","18-19","3-4"
"6","Social-Emotional",300,396,8,299,3,37.5,5,62.5,"Fall","18-19","3-4"
"7","Social-Emotional",300,396,9,317,1,11.1,8,88.9,"Fall","18-19","3-4"
"8","Social-Emotional",300,396,9,373,1,11.1,8,88.9,"Fall","18-19","3-4"
"9","Social-Emotional",300,396,1,341,0,0,1,100,"Fall","18-19","3-4"
"10","Social-Emotional",300,396,11,275,10,90.9,1,9.1,"Fall","18-19","3-4"
"11","Physical",378,555,1,343,1,100,0,0,"Fall","18-19","3-4"
"12","Physical",378,555,7,450,1,14.3,6,85.7,"Fall","18-19","3-4"
"13","Physical",378,555,3,412,0,0,3,100,"Fall","18-19","3-4"
"14","Physical",378,555,11,481,0,0,11,100,"Fall","18-19","3-4"
"15","Physical",378,555,11,390,2,18.2,9,81.8,"Fall","18-19","3-4"
"16","Physical",378,555,8,409,1,12.5,7,87.5,"Fall","18-19","3-4"
"17","Physical",378,555,9,430,1,11.1,8,88.9,"Fall","18-19","3-4"
"18","Physical",378,555,9,563,0,0,9,100,"Fall","18-19","3-4"
"19","Physical",378,555,1,511,0,0,1,100,"Fall","18-19","3-4"
"20","Physical",378,555,11,380,4,36.4,7,63.6,"Fall","18-19","3-4"
"21","Language",295,443,1,242,1,100,0,0,"Fall","18-19","3-4"
"22","Language",295,443,7,321,3,42.9,4,57.1,"Fall","18-19","3-4"
"23","Language",295,443,3,269,2,66.7,1,33.3,"Fall","18-19","3-4"
"24","Language",295,443,11,329,2,18.2,9,81.8,"Fall","18-19","3-4"
"25","Language",295,443,11,281,3,27.3,8,72.7,"Fall","18-19","3-4"
"26","Language",295,443,8,277,6,75,2,25,"Fall","18-19","3-4"
"27","Language",295,443,9,320,4,44.4,5,55.6,"Fall","18-19","3-4"
"28","Language",295,443,9,374,1,11.1,8,88.9,"Fall","18-19","3-4"
"29","Language",295,443,1,382,0,0,1,100,"Fall","18-19","3-4"
"30","Language",295,443,11,262,10,90.9,1,9.1,"Fall","18-19","3-4"
"31","Cognitive",340,480,1,332,1,100,0,0,"Fall","18-19","3-4"
"32","Cognitive",340,480,7,390,3,42.9,4,57.1,"Fall","18-19","3-4"
"33","Cognitive",340,480,3,319,3,100,0,0,"Fall","18-19","3-4"
"34","Cognitive",340,480,11,413,1,9.1,10,90.9,"Fall","18-19","3-4"
"35","Cognitive",340,480,11,307,8,72.7,3,27.3,"Fall","18-19","3-4"
"36","Cognitive",340,480,8,317,5,62.5,3,37.5,"Fall","18-19","3-4"
"37","Cognitive",340,480,9,321,6,66.7,3,33.3,"Fall","18-19","3-4"
"38","Cognitive",340,480,9,458,0,0,9,100,"Fall","18-19","3-4"
"39","Cognitive",340,480,1,439,0,0,1,100,"Fall","18-19","3-4"
"40","Cognitive",340,480,11,299,11,100,0,0,"Fall","18-19","3-4"
"41","Literacy",438,596,1,255,1,100,0,0,"Fall","18-19","3-4"
"42","Literacy",438,596,7,399,5,71.4,2,28.6,"Fall","18-19","3-4"
"43","Literacy",438,596,3,413,2,66.7,1,33.3,"Fall","18-19","3-4"
"44","Literacy",438,596,11,475,2,18.2,9,81.8,"Fall","18-19","3-4"
"45","Literacy",438,596,11,396,8,72.7,3,27.3,"Fall","18-19","3-4"
"46","Literacy",438,596,8,393,6,75,2,25,"Fall","18-19","3-4"
"47","Literacy",438,596,9,428,6,66.7,3,33.3,"Fall","18-19","3-4"
"48","Literacy",438,596,9,518,2,22.2,7,77.8,"Fall","18-19","3-4"
"49","Literacy",438,596,1,606,0,0,1,100,"Fall","18-19","3-4"
"50","Literacy",438,596,11,361,11,100,0,0,"Fall","18-19","3-4"
"51","Mathematics",269,390,1,213,1,100,0,0,"Fall","18-19","3-4"
"52","Mathematics",269,390,7,244,4,57.1,3,42.9,"Fall","18-19","3-4"
"53","Mathematics",269,390,3,286,1,33.3,2,66.7,"Fall","18-19","3-4"
"54","Mathematics",269,390,10,289,2,20,8,80,"Fall","18-19","3-4"
"55","Mathematics",269,390,11,251,8,72.7,3,27.3,"Fall","18-19","3-4"
"56","Mathematics",269,390,8,260,4,50,4,50,"Fall","18-19","3-4"
"57","Mathematics",269,390,9,286,3,33.3,6,66.7,"Fall","18-19","3-4"
"58","Mathematics",269,390,9,339,0,0,9,100,"Fall","18-19","3-4"
"59","Mathematics",269,390,1,376,0,0,1,100,"Fall","18-19","3-4"
"60","Mathematics",269,390,11,217,11,100,0,0,"Fall","18-19","3-4"
"61","Social-Emotional",300,396,1,294,1,100,0,0,"Winter","18-19","3-4"
"62","Social-Emotional",300,396,7,341,3,42.9,4,57.1,"Winter","18-19","3-4"
"63","Social-Emotional",300,396,3,302,1,33.3,2,66.7,"Winter","18-19","3-4"
"64","Social-Emotional",300,396,11,350,0,0,11,100,"Winter","18-19","3-4"
"65","Social-Emotional",300,396,11,361,1,9.1,10,90.9,"Winter","18-19","3-4"
"66","Social-Emotional",300,396,8,387,0,0,8,100,"Winter","18-19","3-4"
"67","Social-Emotional",300,396,9,378,0,0,9,100,"Winter","18-19","3-4"
"68","Social-Emotional",300,396,9,428,0,0,9,100,"Winter","18-19","3-4"
"69","Social-Emotional",300,396,1,365,0,0,1,100,"Winter","18-19","3-4"
"70","Social-Emotional",300,396,11,297,5,45.5,6,54.5,"Winter","18-19","3-4"
"71","Physical",378,555,1,378,0,0,1,100,"Winter","18-19","3-4"
"72","Physical",378,555,7,462,3,42.9,4,57.1,"Winter","18-19","3-4"
"73","Physical",378,555,3,492,0,0,3,100,"Winter","18-19","3-4"
"74","Physical",378,555,11,514,0,0,11,100,"Winter","18-19","3-4"
"75","Physical",378,555,11,527,0,0,11,100,"Winter","18-19","3-4"
"76","Physical",378,555,8,588,0,0,8,100,"Winter","18-19","3-4"
"77","Physical",378,555,9,522,0,0,9,100,"Winter","18-19","3-4"
"78","Physical",378,555,9,662,0,0,9,100,"Winter","18-19","3-4"
"79","Physical",378,555,1,614,0,0,1,100,"Winter","18-19","3-4"
"80","Physical",378,555,11,359,8,72.7,3,27.3,"Winter","18-19","3-4"
"81","Language",295,443,1,295,0,0,1,100,"Winter","18-19","3-4"
"82","Language",295,443,7,349,3,42.9,4,57.1,"Winter","18-19","3-4"
"83","Language",295,443,3,314,1,33.3,2,66.7,"Winter","18-19","3-4"
"84","Language",295,443,11,358,1,9.1,10,90.9,"Winter","18-19","3-4"
"85","Language",295,443,11,362,1,9.1,10,90.9,"Winter","18-19","3-4"
"86","Language",295,443,8,390,0,0,8,100,"Winter","18-19","3-4"
"87","Language",295,443,9,406,0,0,9,100,"Winter","18-19","3-4"
"88","Language",295,443,9,441,1,11.1,8,88.9,"Winter","18-19","3-4"
"89","Language",295,443,1,417,0,0,1,100,"Winter","18-19","3-4"
"90","Language",295,443,11,294,6,54.5,5,45.5,"Winter","18-19","3-4"
"91","Cognitive",340,480,1,340,0,0,1,100,"Winter","18-19","3-4"
"92","Cognitive",340,480,7,358,3,42.9,4,57.1,"Winter","18-19","3-4"
"93","Cognitive",340,480,3,374,0,0,3,100,"Winter","18-19","3-4"
"94","Cognitive",340,480,11,422,1,9.1,10,90.9,"Winter","18-19","3-4"
"95","Cognitive",340,480,11,436,1,9.1,10,90.9,"Winter","18-19","3-4"
"96","Cognitive",340,480,8,438,0,0,8,100,"Winter","18-19","3-4"
"97","Cognitive",340,480,9,394,1,11.1,8,88.9,"Winter","18-19","3-4"
"98","Cognitive",340,480,9,538,0,0,9,100,"Winter","18-19","3-4"
"99","Cognitive",340,480,1,472,0,0,1,100,"Winter","18-19","3-4"
"100","Cognitive",340,480,11,311,9,81.8,2,18.2,"Winter","18-19","3-4"
"101","Literacy",438,596,1,408,1,100,0,0,"Winter","18-19","3-4"
"102","Literacy",438,596,7,450,3,42.9,4,57.1,"Winter","18-19","3-4"
"103","Literacy",438,596,3,442,1,33.3,2,66.7,"Winter","18-19","3-4"
"104","Literacy",438,596,11,486,4,36.4,7,63.6,"Winter","18-19","3-4"
"105","Literacy",438,596,11,464,2,18.2,9,81.8,"Winter","18-19","3-4"
"106","Literacy",438,596,8,485,2,25,6,75,"Winter","18-19","3-4"
"107","Literacy",438,596,9,487,3,33.3,6,66.7,"Winter","18-19","3-4"
"108","Literacy",438,596,9,596,0,0,9,100,"Winter","18-19","3-4"
"109","Literacy",438,596,1,671,0,0,1,100,"Winter","18-19","3-4"
"110","Literacy",438,596,11,388,11,100,0,0,"Winter","18-19","3-4"
"111","Mathematics",269,390,1,269,0,0,1,100,"Winter","18-19","3-4"
"112","Mathematics",269,390,7,266,5,71.4,2,28.6,"Winter","18-19","3-4"
"113","Mathematics",269,390,3,266,2,66.7,1,33.3,"Winter","18-19","3-4"
"114","Mathematics",269,390,10,298,2,20,8,80,"Winter","18-19","3-4"
"115","Mathematics",269,390,11,287,2,18.2,9,81.8,"Winter","18-19","3-4"
"116","Mathematics",269,390,8,313,2,25,6,75,"Winter","18-19","3-4"
"117","Mathematics",269,390,9,322,2,22.2,7,77.8,"Winter","18-19","3-4"
"118","Mathematics",269,390,9,391,0,0,9,100,"Winter","18-19","3-4"
"119","Mathematics",269,390,1,390,0,0,1,100,"Winter","18-19","3-4"
"120","Mathematics",269,390,11,264,8,72.7,3,27.3,"Winter","18-19","3-4"
"121","Social-Emotional",300,396,1,300,0,0,1,100,"Spring","18-19","3-4"
"122","Social-Emotional",300,396,7,357,2,28.6,5,71.4,"Spring","18-19","3-4"
"123","Social-Emotional",300,396,3,313,0,0,3,100,"Spring","18-19","3-4"
"124","Social-Emotional",300,396,11,363,1,9.1,10,90.9,"Spring","18-19","3-4"
"125","Social-Emotional",300,396,11,336,2,18.2,9,81.8,"Spring","18-19","3-4"
"126","Social-Emotional",300,396,8,439,0,0,8,100,"Spring","18-19","3-4"
"127","Social-Emotional",300,396,9,397,0,0,9,100,"Spring","18-19","3-4"
"128","Social-Emotional",300,396,9,478,0,0,9,100,"Spring","18-19","3-4"
"129","Social-Emotional",300,396,1,371,0,0,1,100,"Spring","18-19","3-4"
"130","Social-Emotional",300,396,11,320,0,0,11,100,"Spring","18-19","3-4"
"131","Physical",378,555,1,429,0,0,1,100,"Spring","18-19","3-4"
"132","Physical",378,555,7,521,1,14.3,6,85.7,"Spring","18-19","3-4"
"133","Physical",378,555,3,460,0,0,3,100,"Spring","18-19","3-4"
"134","Physical",378,555,11,560,0,0,11,100,"Spring","18-19","3-4"
"135","Physical",378,555,11,479,0,0,11,100,"Spring","18-19","3-4"
"136","Physical",378,555,8,670,0,0,8,100,"Spring","18-19","3-4"
"137","Physical",378,555,9,552,0,0,9,100,"Spring","18-19","3-4"
"138","Physical",378,555,9,738,0,0,9,100,"Spring","18-19","3-4"
"139","Physical",378,555,1,614,0,0,1,100,"Spring","18-19","3-4"
"140","Physical",378,555,11,380,4,36.4,7,63.6,"Spring","18-19","3-4"
"141","Language",295,443,1,295,0,0,1,100,"Spring","18-19","3-4"
"142","Language",295,443,7,428,2,28.6,5,71.4,"Spring","18-19","3-4"
"143","Language",295,443,3,324,0,0,3,100,"Spring","18-19","3-4"
"144","Language",295,443,11,379,1,9.1,10,90.9,"Spring","18-19","3-4"
"145","Language",295,443,11,337,1,9.1,10,90.9,"Spring","18-19","3-4"
"146","Language",295,443,8,440,0,0,8,100,"Spring","18-19","3-4"
"147","Language",295,443,9,435,0,0,9,100,"Spring","18-19","3-4"
"148","Language",295,443,9,484,1,11.1,8,88.9,"Spring","18-19","3-4"
"149","Language",295,443,1,430,0,0,1,100,"Spring","18-19","3-4"
"150","Language",295,443,11,314,2,18.2,9,81.8,"Spring","18-19","3-4"
"151","Cognitive",340,480,1,349,0,0,1,100,"Spring","18-19","3-4"
"152","Cognitive",340,480,7,457,2,28.6,5,71.4,"Spring","18-19","3-4"
"153","Cognitive",340,480,3,355,0,0,3,100,"Spring","18-19","3-4"
"154","Cognitive",340,480,11,448,0,0,11,100,"Spring","18-19","3-4"
"155","Cognitive",340,480,11,397,2,18.2,9,81.8,"Spring","18-19","3-4"
"156","Cognitive",340,480,8,500,0,0,8,100,"Spring","18-19","3-4"
"157","Cognitive",340,480,9,456,0,0,9,100,"Spring","18-19","3-4"
"158","Cognitive",340,480,9,578,0,0,9,100,"Spring","18-19","3-4"
"159","Cognitive",340,480,1,480,0,0,1,100,"Spring","18-19","3-4"
"160","Cognitive",340,480,11,343,4,36.4,7,63.6,"Spring","18-19","3-4"
"161","Literacy",438,596,1,452,0,0,1,100,"Spring","18-19","3-4"
"162","Literacy",438,596,7,524,2,28.6,5,71.4,"Spring","18-19","3-4"
"163","Literacy",438,596,3,436,2,66.7,1,33.3,"Spring","18-19","3-4"
"164","Literacy",438,596,11,486,2,18.2,9,81.8,"Spring","18-19","3-4"
"165","Literacy",438,596,11,473,3,27.3,8,72.7,"Spring","18-19","3-4"
"166","Literacy",438,596,8,532,1,12.5,7,87.5,"Spring","18-19","3-4"
"167","Literacy",438,596,9,522,1,11.1,8,88.9,"Spring","18-19","3-4"
"168","Literacy",438,596,9,646,0,0,9,100,"Spring","18-19","3-4"
"169","Literacy",438,596,1,679,0,0,1,100,"Spring","18-19","3-4"
"170","Literacy",438,596,11,432,4,36.4,7,63.6,"Spring","18-19","3-4"
"171","Mathematics",269,390,1,276,0,0,1,100,"Spring","18-19","3-4"
"172","Mathematics",269,390,7,297,3,42.9,4,57.1,"Spring","18-19","3-4"
"173","Mathematics",269,390,3,276,2,66.7,1,33.3,"Spring","18-19","3-4"
"174","Mathematics",269,390,10,315,1,10,9,90,"Spring","18-19","3-4"
"175","Mathematics",269,390,11,300,1,9.1,10,90.9,"Spring","18-19","3-4"
"176","Mathematics",269,390,8,341,0,0,8,100,"Spring","18-19","3-4"
"177","Mathematics",269,390,9,344,1,11.1,8,88.9,"Spring","18-19","3-4"
"178","Mathematics",269,390,9,413,0,0,9,100,"Spring","18-19","3-4"
"179","Mathematics",269,390,1,411,0,0,1,100,"Spring","18-19","3-4"
"180","Mathematics",269,390,11,307,1,9.1,10,90.9,"Spring","18-19","3-4"
"181","Social-Emotional",371,472,98,345,66,100,0,32.6,"Fall","18-19","4-5"
"182","Social-Emotional",371,472,1,198,1,100,0,0,"Fall","18-19","4-5"
"183","Social-Emotional",371,472,1,198,1,100,0,0,"Fall","18-19","4-5"
"184","Social-Emotional",371,472,97,346,65,67,32,33,"Fall","18-19","4-5"
"185","Social-Emotional",371,472,4,328,3,75,1,25,"Fall","18-19","4-5"
"186","Social-Emotional",371,472,2,392,0,0,2,100,"Fall","18-19","4-5"
"187","Social-Emotional",371,472,3,353,2,66.7,1,33.3,"Fall","18-19","4-5"
"188","Social-Emotional",371,472,13,313,12,92.3,1,7.7,"Fall","18-19","4-5"
"189","Social-Emotional",371,472,5,425,0,0,5,100,"Fall","18-19","4-5"
"190","Social-Emotional",371,472,12,323,11,91.7,1,8.3,"Fall","18-19","4-5"
"191","Social-Emotional",371,472,8,354,4,50,4,50,"Fall","18-19","4-5"
"192","Social-Emotional",371,472,13,366,7,53.9,6,46.1,"Fall","18-19","4-5"
"193","Social-Emotional",371,472,12,316,11,91.7,1,8.3,"Fall","18-19","4-5"
"194","Social-Emotional",371,472,1,359,1,100,0,0,"Fall","18-19","4-5"
"195","Social-Emotional",371,472,13,344,11,84.6,2,15.4,"Fall","18-19","4-5"
"196","Social-Emotional",371,472,11,375,3,27.3,8,72.7,"Fall","18-19","4-5"
"197","Physical",488,702,1,378,1,100,0,0,"Fall","18-19","4-5"
"198","Physical",488,702,1,378,1,100,0,0,"Fall","18-19","4-5"
"199","Physical",488,702,98,482,51,52,47,48,"Fall","18-19","4-5"
"200","Physical",488,702,4,497,1,25,3,75,"Fall","18-19","4-5"
"201","Physical",488,702,2,499,0,0,2,100,"Fall","18-19","4-5"
"202","Physical",488,702,3,491,2,66.7,1,33.3,"Fall","18-19","4-5"
"203","Physical",488,702,13,401,13,100,0,0,"Fall","18-19","4-5"
"204","Physical",488,702,5,602,0,0,5,100,"Fall","18-19","4-5"
"205","Physical",488,702,12,521,3,25,9,75,"Fall","18-19","4-5"
"206","Physical",488,702,9,464,4,44.4,5,55.6,"Fall","18-19","4-5"
"207","Physical",488,702,13,488,8,61.5,5,38.5,"Fall","18-19","4-5"
"208","Physical",488,702,12,383,11,91.7,1,8.3,"Fall","18-19","4-5"
"209","Physical",488,702,1,395,1,100,0,0,"Fall","18-19","4-5"
"210","Physical",488,702,13,484,7,53.9,6,46.1,"Fall","18-19","4-5"
"211","Physical",488,702,11,591,1,9.1,10,90.9,"Fall","18-19","4-5"
"212","Language",371,549,1,169,1,100,0,0,"Fall","18-19","4-5"
"213","Language",371,549,1,169,1,100,0,0,"Fall","18-19","4-5"
"214","Language",371,549,98,349,61,62.2,37,37.8,"Fall","18-19","4-5"
"215","Language",371,549,4,372,2,50,2,50,"Fall","18-19","4-5"
"216","Language",371,549,2,372,1,50,1,50,"Fall","18-19","4-5"
"217","Language",371,549,3,332,2,66.7,1,33.3,"Fall","18-19","4-5"
"218","Language",371,549,13,323,11,84.6,2,15.4,"Fall","18-19","4-5"
"219","Language",371,549,5,512,0,0,5,100,"Fall","18-19","4-5"
"220","Language",371,549,12,363,5,41.7,7,58.3,"Fall","18-19","4-5"
"221","Language",371,549,9,319,8,88.9,1,11.1,"Fall","18-19","4-5"
"222","Language",371,549,13,364,7,53.9,6,46.1,"Fall","18-19","4-5"
"223","Language",371,549,12,313,9,75,3,25,"Fall","18-19","4-5"
"224","Language",371,549,1,311,1,100,0,0,"Fall","18-19","4-5"
"225","Language",371,549,13,300,12,92.3,1,7.7,"Fall","18-19","4-5"
"226","Language",371,549,11,389,3,27.3,8,72.7,"Fall","18-19","4-5"
"227","Cognitive",431,619,1,195,1,100,0,0,"Fall","18-19","4-5"
"228","Cognitive",431,619,1,195,1,100,0,0,"Fall","18-19","4-5"
"229","Cognitive",431,619,98,384,67,68.4,31,31.6,"Fall","18-19","4-5"
"230","Cognitive",431,619,4,413,3,75,1,25,"Fall","18-19","4-5"
"231","Cognitive",431,619,2,435,1,50,1,50,"Fall","18-19","4-5"
"232","Cognitive",431,619,3,381,2,66.7,1,33.3,"Fall","18-19","4-5"
"233","Cognitive",431,619,13,338,13,100,0,0,"Fall","18-19","4-5"
"234","Cognitive",431,619,5,473,0,0,5,100,"Fall","18-19","4-5"
"235","Cognitive",431,619,12,407,8,66.7,4,33.3,"Fall","18-19","4-5"
"236","Cognitive",431,619,9,397,6,66.7,3,33.3,"Fall","18-19","4-5"
"237","Cognitive",431,619,13,406,7,53.9,6,46.1,"Fall","18-19","4-5"
"238","Cognitive",431,619,12,345,10,83.3,2,16.7,"Fall","18-19","4-5"
"239","Cognitive",431,619,1,340,1,100,0,0,"Fall","18-19","4-5"
"240","Cognitive",431,619,13,308,13,100,0,0,"Fall","18-19","4-5"
"241","Cognitive",431,619,11,455,3,27.3,8,72.7,"Fall","18-19","4-5"
"242","Literacy",529,711,1,100,1,100,0,0,"Fall","18-19","4-5"
"243","Literacy",529,711,1,100,1,100,0,0,"Fall","18-19","4-5"
"244","Literacy",529,711,98,477,75,76.5,23,23.5,"Fall","18-19","4-5"
"245","Literacy",529,711,4,473,3,75,1,25,"Fall","18-19","4-5"
"246","Literacy",529,711,2,494,2,100,0,0,"Fall","18-19","4-5"
"247","Literacy",529,711,3,484,2,66.7,1,33.3,"Fall","18-19","4-5"
"248","Literacy",529,711,13,445,12,92.3,1,7.7,"Fall","18-19","4-5"
"249","Literacy",529,711,5,628,0,0,5,100,"Fall","18-19","4-5"
"250","Literacy",529,711,12,490,9,75,3,25,"Fall","18-19","4-5"
"251","Literacy",529,711,9,458,8,88.9,1,11.1,"Fall","18-19","4-5"
"252","Literacy",529,711,13,521,8,61.5,5,38.5,"Fall","18-19","4-5"
"253","Literacy",529,711,12,437,11,91.7,1,8.3,"Fall","18-19","4-5"
"254","Literacy",529,711,1,362,1,100,0,0,"Fall","18-19","4-5"
"255","Literacy",529,711,13,420,13,100,0,0,"Fall","18-19","4-5"
"256","Literacy",529,711,11,513,6,54.5,5,45.5,"Fall","18-19","4-5"
"257","Mathematics",383,504,1,138,1,100,0,0,"Fall","18-19","4-5"
"258","Mathematics",383,504,1,138,1,100,0,0,"Fall","18-19","4-5"
"259","Mathematics",383,504,98,306,87,88.8,11,11.2,"Fall","18-19","4-5"
"260","Mathematics",383,504,4,300,3,75,1,25,"Fall","18-19","4-5"
"261","Mathematics",383,504,2,314,2,100,0,0,"Fall","18-19","4-5"
"262","Mathematics",383,504,3,307,3,100,0,0,"Fall","18-19","4-5"
"263","Mathematics",383,504,13,301,12,92.3,1,7.7,"Fall","18-19","4-5"
"264","Mathematics",383,504,5,416,0,0,5,100,"Fall","18-19","4-5"
"265","Mathematics",383,504,12,320,12,100,0,0,"Fall","18-19","4-5"
"266","Mathematics",383,504,9,317,9,100,0,0,"Fall","18-19","4-5"
"267","Mathematics",383,504,13,349,9,69.2,4,30.8,"Fall","18-19","4-5"
"268","Mathematics",383,504,12,297,12,100,0,0,"Fall","18-19","4-5"
"269","Mathematics",383,504,1,291,1,100,0,0,"Fall","18-19","4-5"
"270","Mathematics",383,504,13,252,13,100,0,0,"Fall","18-19","4-5"
"271","Mathematics",383,504,11,264,11,100,0,0,"Fall","18-19","4-5"
"272","Social-Emotional",371,472,98,365,53,100,0,45.9,"Winter","18-19","4-5"
"273","Social-Emotional",371,472,1,259,1,100,0,0,"Winter","18-19","4-5"
"274","Social-Emotional",371,472,1,259,1,100,0,0,"Winter","18-19","4-5"
"275","Social-Emotional",371,472,97,366,52,53.6,45,46.4,"Winter","18-19","4-5"
"276","Social-Emotional",371,472,4,365,2,50,2,50,"Winter","18-19","4-5"
"277","Social-Emotional",371,472,2,380,0,0,2,100,"Winter","18-19","4-5"
"278","Social-Emotional",371,472,3,440,0,0,3,100,"Winter","18-19","4-5"
"279","Social-Emotional",371,472,13,334,12,92.3,1,7.7,"Winter","18-19","4-5"
"280","Social-Emotional",371,472,5,513,0,0,5,100,"Winter","18-19","4-5"
"281","Social-Emotional",371,472,12,353,7,58.3,5,41.7,"Winter","18-19","4-5"
"282","Social-Emotional",371,472,8,387,3,37.5,5,62.5,"Winter","18-19","4-5"
"283","Social-Emotional",371,472,13,368,6,46.1,7,53.9,"Winter","18-19","4-5"
"284","Social-Emotional",371,472,12,360,7,58.3,5,41.7,"Winter","18-19","4-5"
"285","Social-Emotional",371,472,1,329,1,100,0,0,"Winter","18-19","4-5"
"286","Social-Emotional",371,472,13,299,13,100,0,0,"Winter","18-19","4-5"
"287","Social-Emotional",371,472,11,404,1,9.1,10,90.9,"Winter","18-19","4-5"
"288","Physical",488,702,1,343,1,100,0,0,"Winter","18-19","4-5"
"289","Physical",488,702,1,343,1,100,0,0,"Winter","18-19","4-5"
"290","Physical",488,702,98,519,38,38.8,60,61.2,"Winter","18-19","4-5"
"291","Physical",488,702,4,492,2,50,2,50,"Winter","18-19","4-5"
"292","Physical",488,702,2,488,0,0,2,100,"Winter","18-19","4-5"
"293","Physical",488,702,3,663,0,0,3,100,"Winter","18-19","4-5"
"294","Physical",488,702,13,431,11,84.6,2,15.4,"Winter","18-19","4-5"
"295","Physical",488,702,5,643,0,0,5,100,"Winter","18-19","4-5"
"296","Physical",488,702,12,557,1,8.3,11,91.7,"Winter","18-19","4-5"
"297","Physical",488,702,9,560,0,0,9,100,"Winter","18-19","4-5"
"298","Physical",488,702,13,541,3,23.1,10,76.9,"Winter","18-19","4-5"
"299","Physical",488,702,12,416,9,75,3,25,"Winter","18-19","4-5"
"300","Physical",488,702,1,412,1,100,0,0,"Winter","18-19","4-5"
"301","Physical",488,702,13,465,10,76.9,3,23.1,"Winter","18-19","4-5"
"302","Physical",488,702,11,633,1,9.1,10,90.9,"Winter","18-19","4-5"
"303","Language",371,549,1,210,1,100,0,0,"Winter","18-19","4-5"
"304","Language",371,549,1,210,1,100,0,0,"Winter","18-19","4-5"
"305","Language",371,549,98,381,53,54.1,45,45.9,"Winter","18-19","4-5"
"306","Language",371,549,4,400,1,25,3,75,"Winter","18-19","4-5"
"307","Language",371,549,2,367,1,50,1,50,"Winter","18-19","4-5"
"308","Language",371,549,3,442,0,0,3,100,"Winter","18-19","4-5"
"309","Language",371,549,13,349,11,84.6,2,15.4,"Winter","18-19","4-5"
"310","Language",371,549,5,617,0,0,5,100,"Winter","18-19","4-5"
"311","Language",371,549,12,384,5,41.7,7,58.3,"Winter","18-19","4-5"
"312","Language",371,549,9,355,6,66.7,3,33.3,"Winter","18-19","4-5"
"313","Language",371,549,13,392,5,38.5,8,61.5,"Winter","18-19","4-5"
"314","Language",371,549,12,351,8,66.7,4,33.3,"Winter","18-19","4-5"
"315","Language",371,549,1,335,1,100,0,0,"Winter","18-19","4-5"
"316","Language",371,549,13,298,12,92.3,1,7.7,"Winter","18-19","4-5"
"317","Language",371,549,11,431,3,27.3,8,72.7,"Winter","18-19","4-5"
"318","Cognitive",431,619,1,264,1,100,0,0,"Winter","18-19","4-5"
"319","Cognitive",431,619,1,264,1,100,0,0,"Winter","18-19","4-5"
"320","Cognitive",431,619,98,422,46,46.9,52,53.1,"Winter","18-19","4-5"
"321","Cognitive",431,619,4,412,2,50,2,50,"Winter","18-19","4-5"
"322","Cognitive",431,619,2,460,0,0,2,100,"Winter","18-19","4-5"
"323","Cognitive",431,619,3,510,0,0,3,100,"Winter","18-19","4-5"
"324","Cognitive",431,619,13,373,12,92.3,1,7.7,"Winter","18-19","4-5"
"325","Cognitive",431,619,5,530,0,0,5,100,"Winter","18-19","4-5"
"326","Cognitive",431,619,12,441,4,33.3,8,66.7,"Winter","18-19","4-5"
"327","Cognitive",431,619,9,475,0,0,9,100,"Winter","18-19","4-5"
"328","Cognitive",431,619,13,434,5,38.5,8,61.5,"Winter","18-19","4-5"
"329","Cognitive",431,619,12,417,8,66.7,4,33.3,"Winter","18-19","4-5"
"330","Cognitive",431,619,1,368,1,100,0,0,"Winter","18-19","4-5"
"331","Cognitive",431,619,13,303,13,100,0,0,"Winter","18-19","4-5"
"332","Cognitive",431,619,11,482,1,9.1,10,90.9,"Winter","18-19","4-5"
"333","Literacy",529,711,1,269,1,100,0,0,"Winter","18-19","4-5"
"334","Literacy",529,711,1,269,1,100,0,0,"Winter","18-19","4-5"
"335","Literacy",529,711,98,525,53,54.1,45,45.9,"Winter","18-19","4-5"
"336","Literacy",529,711,4,544,2,50,2,50,"Winter","18-19","4-5"
"337","Literacy",529,711,2,543,0,0,2,100,"Winter","18-19","4-5"
"338","Literacy",529,711,3,577,0,0,3,100,"Winter","18-19","4-5"
"339","Literacy",529,711,13,482,12,92.3,1,7.7,"Winter","18-19","4-5"
"340","Literacy",529,711,5,681,0,0,5,100,"Winter","18-19","4-5"
"341","Literacy",529,711,12,536,4,33.3,8,66.7,"Winter","18-19","4-5"
"342","Literacy",529,711,9,562,2,22.2,7,77.8,"Winter","18-19","4-5"
"343","Literacy",529,711,13,537,7,53.9,6,46.1,"Winter","18-19","4-5"
"344","Literacy",529,711,12,491,9,75,3,25,"Winter","18-19","4-5"
"345","Literacy",529,711,1,458,1,100,0,0,"Winter","18-19","4-5"
"346","Literacy",529,711,13,430,13,100,0,0,"Winter","18-19","4-5"
"347","Literacy",529,711,11,578,3,27.3,8,72.7,"Winter","18-19","4-5"
"348","Mathematics",383,504,1,149,1,100,0,0,"Winter","18-19","4-5"
"349","Mathematics",383,504,1,149,1,100,0,0,"Winter","18-19","4-5"
"350","Mathematics",383,504,98,354,67,68.4,31,31.6,"Winter","18-19","4-5"
"351","Mathematics",383,504,4,330,3,75,1,25,"Winter","18-19","4-5"
"352","Mathematics",383,504,2,360,2,100,0,0,"Winter","18-19","4-5"
"353","Mathematics",383,504,3,371,2,66.7,1,33.3,"Winter","18-19","4-5"
"354","Mathematics",383,504,13,333,12,92.3,1,7.7,"Winter","18-19","4-5"
"355","Mathematics",383,504,5,489,0,0,5,100,"Winter","18-19","4-5"
"356","Mathematics",383,504,12,366,7,58.3,5,41.7,"Winter","18-19","4-5"
"357","Mathematics",383,504,9,396,1,11.1,8,88.9,"Winter","18-19","4-5"
"358","Mathematics",383,504,13,364,10,76.9,3,23.1,"Winter","18-19","4-5"
"359","Mathematics",383,504,12,343,10,83.3,2,16.7,"Winter","18-19","4-5"
"360","Mathematics",383,504,1,299,1,100,0,0,"Winter","18-19","4-5"
"361","Mathematics",383,504,13,272,13,100,0,0,"Winter","18-19","4-5"
"362","Mathematics",383,504,11,376,6,54.5,5,45.5,"Winter","18-19","4-5"
"363","Social-Emotional",371,472,98,402,33,100,0,66.3,"Spring","18-19","4-5"
"364","Social-Emotional",371,472,1,259,1,100,0,0,"Spring","18-19","4-5"
"365","Social-Emotional",371,472,1,259,1,100,0,0,"Spring","18-19","4-5"
"366","Social-Emotional",371,472,97,403,32,33,65,67,"Spring","18-19","4-5"
"367","Social-Emotional",371,472,4,388,2,50,2,50,"Spring","18-19","4-5"
"368","Social-Emotional",371,472,2,392,0,0,2,100,"Spring","18-19","4-5"
"369","Social-Emotional",371,472,3,472,0,0,3,100,"Spring","18-19","4-5"
"370","Social-Emotional",371,472,13,412,2,15.4,11,84.6,"Spring","18-19","4-5"
"371","Social-Emotional",371,472,5,534,0,0,5,100,"Spring","18-19","4-5"
"372","Social-Emotional",371,472,12,370,5,41.7,7,58.3,"Spring","18-19","4-5"
"373","Social-Emotional",371,472,8,414,0,0,8,100,"Spring","18-19","4-5"
"374","Social-Emotional",371,472,13,380,6,46.1,7,53.9,"Spring","18-19","4-5"
"375","Social-Emotional",371,472,12,424,2,16.7,10,83.3,"Spring","18-19","4-5"
"376","Social-Emotional",371,472,1,347,1,100,0,0,"Spring","18-19","4-5"
"377","Social-Emotional",371,472,13,325,13,100,0,0,"Spring","18-19","4-5"
"378","Social-Emotional",371,472,11,452,1,9.1,10,90.9,"Spring","18-19","4-5"
"379","Physical",488,702,1,395,1,100,0,0,"Spring","18-19","4-5"
"380","Physical",488,702,1,395,1,100,0,0,"Spring","18-19","4-5"
"381","Physical",488,702,98,571,22,22.4,76,77.5,"Spring","18-19","4-5"
"382","Physical",488,702,4,567,1,25,3,75,"Spring","18-19","4-5"
"383","Physical",488,702,2,585,0,0,2,100,"Spring","18-19","4-5"
"384","Physical",488,702,3,733,0,0,3,100,"Spring","18-19","4-5"
"385","Physical",488,702,13,554,0,0,13,100,"Spring","18-19","4-5"
"386","Physical",488,702,5,730,0,0,5,100,"Spring","18-19","4-5"
"387","Physical",488,702,12,589,1,8.3,11,91.7,"Spring","18-19","4-5"
"388","Physical",488,702,9,571,0,0,9,100,"Spring","18-19","4-5"
"389","Physical",488,702,13,565,2,15.4,11,84.6,"Spring","18-19","4-5"
"390","Physical",488,702,12,528,5,41.7,7,58.3,"Spring","18-19","4-5"
"391","Physical",488,702,1,447,1,100,0,0,"Spring","18-19","4-5"
"392","Physical",488,702,13,419,12,92.3,1,7.7,"Spring","18-19","4-5"
"393","Physical",488,702,11,702,0,0,11,100,"Spring","18-19","4-5"
"394","Language",371,549,1,205,1,100,0,0,"Spring","18-19","4-5"
"395","Language",371,549,1,205,1,100,0,0,"Spring","18-19","4-5"
"396","Language",371,549,98,437,29,29.6,69,70.4,"Spring","18-19","4-5"
"397","Language",371,549,4,482,1,25,3,75,"Spring","18-19","4-5"
"398","Language",371,549,2,442,0,0,2,100,"Spring","18-19","4-5"
"399","Language",371,549,3,487,0,0,3,100,"Spring","18-19","4-5"
"400","Language",371,549,13,445,1,7.7,12,92.3,"Spring","18-19","4-5"
"401","Language",371,549,5,659,0,0,5,100,"Spring","18-19","4-5"
"402","Language",371,549,12,417,5,41.7,7,58.3,"Spring","18-19","4-5"
"403","Language",371,549,9,425,1,11.1,8,88.9,"Spring","18-19","4-5"
"404","Language",371,549,13,400,4,30.8,9,69.2,"Spring","18-19","4-5"
"405","Language",371,549,12,443,4,33.3,8,66.7,"Spring","18-19","4-5"
"406","Language",371,549,1,362,1,100,0,0,"Spring","18-19","4-5"
"407","Language",371,549,13,330,11,84.6,2,15.4,"Spring","18-19","4-5"
"408","Language",371,549,11,499,1,9.1,10,90.9,"Spring","18-19","4-5"
"409","Cognitive",431,619,1,293,1,100,0,0,"Spring","18-19","4-5"
"410","Cognitive",431,619,1,293,1,100,0,0,"Spring","18-19","4-5"
"411","Cognitive",431,619,98,483,25,25.5,73,74.5,"Spring","18-19","4-5"
"412","Cognitive",431,619,4,525,1,25,3,75,"Spring","18-19","4-5"
"413","Cognitive",431,619,2,456,0,0,2,100,"Spring","18-19","4-5"
"414","Cognitive",431,619,3,582,0,0,3,100,"Spring","18-19","4-5"
"415","Cognitive",431,619,13,471,1,7.7,12,92.3,"Spring","18-19","4-5"
"416","Cognitive",431,619,5,614,0,0,5,100,"Spring","18-19","4-5"
"417","Cognitive",431,619,12,455,3,25,9,75,"Spring","18-19","4-5"
"418","Cognitive",431,619,9,512,0,0,9,100,"Spring","18-19","4-5"
"419","Cognitive",431,619,13,451,5,38.5,8,61.5,"Spring","18-19","4-5"
"420","Cognitive",431,619,12,495,2,16.7,10,83.3,"Spring","18-19","4-5"
"421","Cognitive",431,619,1,414,1,100,0,0,"Spring","18-19","4-5"
"422","Cognitive",431,619,13,388,12,92.3,1,7.7,"Spring","18-19","4-5"
"423","Cognitive",431,619,11,555,0,0,11,100,"Spring","18-19","4-5"
"424","Literacy",529,711,1,269,1,100,0,0,"Spring","18-19","4-5"
"425","Literacy",529,711,1,269,1,100,0,0,"Spring","18-19","4-5"
"426","Literacy",529,711,98,580,27,27.6,71,72.5,"Spring","18-19","4-5"
"427","Literacy",529,711,4,598,1,25,3,75,"Spring","18-19","4-5"
"428","Literacy",529,711,2,517,2,100,0,0,"Spring","18-19","4-5"
"429","Literacy",529,711,3,604,0,0,3,100,"Spring","18-19","4-5"
"430","Literacy",529,711,13,568,2,15.4,11,84.6,"Spring","18-19","4-5"
"431","Literacy",529,711,5,694,0,0,5,100,"Spring","18-19","4-5"
"432","Literacy",529,711,12,580,2,16.7,10,83.3,"Spring","18-19","4-5"
"433","Literacy",529,711,9,624,1,11.1,8,88.9,"Spring","18-19","4-5"
"434","Literacy",529,711,13,568,6,46.1,7,53.9,"Spring","18-19","4-5"
"435","Literacy",529,711,12,561,3,25,9,75,"Spring","18-19","4-5"
"436","Literacy",529,711,1,492,1,100,0,0,"Spring","18-19","4-5"
"437","Literacy",529,711,13,496,9,69.2,4,30.8,"Spring","18-19","4-5"
"438","Literacy",529,711,11,648,0,0,11,100,"Spring","18-19","4-5"
"439","Mathematics",383,504,1,160,1,100,0,0,"Spring","18-19","4-5"
"440","Mathematics",383,504,1,160,1,100,0,0,"Spring","18-19","4-5"
"441","Mathematics",383,504,98,395,36,36.7,62,63.3,"Spring","18-19","4-5"
"442","Mathematics",383,504,4,374,3,75,1,25,"Spring","18-19","4-5"
"443","Mathematics",383,504,2,364,1,50,1,50,"Spring","18-19","4-5"
"444","Mathematics",383,504,3,413,0,0,3,100,"Spring","18-19","4-5"
"445","Mathematics",383,504,13,407,3,23.1,10,76.9,"Spring","18-19","4-5"
"446","Mathematics",383,504,5,480,0,0,5,100,"Spring","18-19","4-5"
"447","Mathematics",383,504,12,402,3,25,9,75,"Spring","18-19","4-5"
"448","Mathematics",383,504,9,426,0,0,9,100,"Spring","18-19","4-5"
"449","Mathematics",383,504,13,392,7,53.9,6,46.1,"Spring","18-19","4-5"
"450","Mathematics",383,504,12,405,2,16.7,10,83.3,"Spring","18-19","4-5"
"451","Mathematics",383,504,1,338,1,100,0,0,"Spring","18-19","4-5"
"452","Mathematics",383,504,13,303,13,100,0,0,"Spring","18-19","4-5"
"453","Mathematics",383,504,11,428,3,27.3,8,72.7,"Spring","18-19","4-5"
